{"cameraMode":{"drawMode":0,"name":"Shaded","section":"Shading Mode"},"sceneLighting":true,"audioPlay":false,"sceneViewState":{"showFog":true,"showMaterialUpdate":false,"showSkybox":true,"showFlares":true,"showImageEffects":true,"showParticleSystems":true},"in2DMode":false,"pivot":{"x":11.706056594848633,"y":1.7933430671691895,"z":15.564590454101563},"rotation":{"x":-0.050874847918748859,"y":-0.5932653546333313,"z":0.037610314786434177,"w":-0.8025199174880981},"size":10.0,"orthographic":false}