{"cameraMode":{"drawMode":0,"name":"Shaded","section":"Shading Mode"},"sceneLighting":true,"audioPlay":false,"sceneViewState":{"showFog":true,"showMaterialUpdate":false,"showSkybox":true,"showFlares":true,"showImageEffects":true,"showParticleSystems":true},"in2DMode":false,"pivot":{"x":64.80857849121094,"y":43.02983093261719,"z":-2.167130470275879},"rotation":{"x":0.35278546810150149,"y":0.530029833316803,"z":-0.2572142779827118,"w":0.7269546389579773},"size":11.172493934631348,"orthographic":false}